{
  "b863ca7a-a211-47d3-83f2-24835cbdb3c0": {
    "username": "user",
    "created": 1750093250.904466,
    "last_access": 1750093250.904466
  },
  "654d26dd-6102-4bff-aa96-fcc7caf9a406": {
    "username": "admin",
    "created": 1750630961.422055,
    "last_access": 1750630961.4220552
  }
}