{
  "b29314d5-aab2-4945-93de-f285a60d54d8": {
    "username": "user",
    "created": 1750067348.067894,
    "last_access": 1750067348.067894
  }
}