{
  "b863ca7a-a211-47d3-83f2-24835cbdb3c0": {
    "username": "user",
    "created": 1750093250.904466,
    "last_access": 1750093250.904466
  }
}